{
  "status": true,
  "code": 20000,
  "message": "操作成功！",
  "data": {
    "tracks": [{
      "name": "Unsayable",
      "id": 31152622,
      "ar": [{
        "id": 1054179,
        "name": "Brambles",
        "tns": [],
        "alias": []
      }],
      "al": {
        "id": 3112512,
        "name": "Charcoal",
        "picUrl": "http://p2.music.126.net/axYIK-N-ljMKv8ELHX2fyA==/7727367720543371.jpg",
        "tns": [],
        "pic": 7727367720543371
      },
      "dt": 172000
    }]
  }
}