{
  "status": "success",
  "message": "获取文章成功",
  "result": {
    "data": [],
    "params": {
      "querys": {
        "state": 1,
        "public": 1
      },
      "options": {
        "sort": {
          "_id": -1
        },
        "page": 1,
        "populate": [
          "category",
          "tag"
        ],
        "select": "-password -content"
      },
      "params": {
        "url": "/article"
      },
      "isAuthenticated": false
    },
    "pagination": {
      "total": 0,
      "current_page": 1,
      "total_page": 1,
      "per_page": 16
    }
  }
}