{
  "status": "success",
  "message": "获取项目列表成功",
  "result": [
    {
      "html_url": "https://github.com/GuoGuang/pinyinUtils",
      "name": "pinyinUtils",
      "fork": false,
      "forks": 2,
      "forks_count": 109,
      "description": "🔏汉字转换为拼音，支持多音字，首字母模式，支持标点模式，无标点模式",
      "open_issues_count": 2,
      "stargazers_count": 49,
      "created_at": "2016-09-23T01:59:08Z",
      "language": "TypeScript"
    }
  ]
}